Location Names,Paso del Borracho,Paso del Borracho
Location Ids,52.0,52.0
Time,H.obs,Q.obs
2022-08-23 00:00:00,0.57,24.62
2022-08-23 00:30:00,0.57,24.62
2022-08-23 01:00:00,0.57,24.62
2022-08-23 01:30:00,0.57,24.62
2022-08-23 02:00:00,0.57,24.62
2022-08-23 02:30:00,0.57,24.62
2022-08-23 03:00:00,0.57,24.62
2022-08-23 03:30:00,0.57,24.62
2022-08-23 04:00:00,0.57,24.62
2022-08-23 04:30:00,0.57,24.62
2022-08-23 05:00:00,0.56,24.18
2022-08-23 05:30:00,0.56,24.18
2022-08-23 06:00:00,0.56,24.18
2022-08-23 06:30:00,0.56,24.18
2022-08-23 07:00:00,0.56,24.18
2022-08-23 07:30:00,0.56,24.18
2022-08-23 08:00:00,0.56,24.18
2022-08-23 08:30:00,0.56,24.18
2022-08-23 09:00:00,0.56,24.18
2022-08-23 09:30:00,0.56,24.18
2022-08-23 10:00:00,0.55,23.75
2022-08-23 10:30:00,0.56,24.18
2022-08-23 11:00:00,0.56,24.18
2022-08-23 11:30:00,0.56,24.18
2022-08-23 12:00:00,0.56,24.18
2022-08-23 12:30:00,0.55,23.75
2022-08-23 13:00:00,0.55,23.75
2022-08-23 13:30:00,0.55,23.75
2022-08-23 14:00:00,0.55,23.75
2022-08-23 14:30:00,0.55,23.75
2022-08-23 15:00:00,0.55,23.75
2022-08-23 15:30:00,0.55,23.75
2022-08-23 16:00:00,0.55,23.75
2022-08-23 16:30:00,0.55,23.75
2022-08-23 17:00:00,0.54,23.32
2022-08-23 17:30:00,0.55,23.75
2022-08-23 18:00:00,0.55,23.75
2022-08-23 18:30:00,0.54,23.32
2022-08-23 19:00:00,0.54,23.32
2022-08-23 19:30:00,0.54,23.32
2022-08-23 20:00:00,0.54,23.32
2022-08-23 20:30:00,0.54,23.32
2022-08-23 21:00:00,0.54,23.32
2022-08-23 21:30:00,0.54,23.32
2022-08-23 22:00:00,0.54,23.32
2022-08-23 22:30:00,0.54,23.32
2022-08-23 23:00:00,0.53,22.9
2022-08-23 23:30:00,0.53,22.9
2022-08-24 00:00:00,0.53,22.9
2022-08-24 00:30:00,0.53,22.9
2022-08-24 01:00:00,0.53,22.9
2022-08-24 01:30:00,0.53,22.9
2022-08-24 02:00:00,0.53,22.9
2022-08-24 02:30:00,0.53,22.9
2022-08-24 03:00:00,0.53,22.9
2022-08-24 03:30:00,0.53,22.9
2022-08-24 04:00:00,0.53,22.9
2022-08-24 04:30:00,0.53,22.9
2022-08-24 05:00:00,0.53,22.9
2022-08-24 05:30:00,0.53,22.9
2022-08-24 06:00:00,0.53,22.9
2022-08-24 06:30:00,0.53,22.9
2022-08-24 07:00:00,0.52,22.47
2022-08-24 07:30:00,0.52,22.47
2022-08-24 08:00:00,0.52,22.47
2022-08-24 08:30:00,0.52,22.47
2022-08-24 09:00:00,0.52,22.47
2022-08-24 09:30:00,0.52,22.47
2022-08-24 10:00:00,0.52,22.47
2022-08-24 10:30:00,0.52,22.47
2022-08-24 11:00:00,0.52,22.47
2022-08-24 11:30:00,0.52,22.47
2022-08-24 12:00:00,0.52,22.47
2022-08-24 12:30:00,0.52,22.47
2022-08-24 13:00:00,0.52,22.47
2022-08-24 13:30:00,0.52,22.47
2022-08-24 14:00:00,0.52,22.47
2022-08-24 14:30:00,0.52,22.47
2022-08-24 15:00:00,0.51,22.05
2022-08-24 15:30:00,0.51,22.05
2022-08-24 16:00:00,0.51,22.05
2022-08-24 16:30:00,0.51,22.05
2022-08-24 17:00:00,0.51,22.05
2022-08-24 17:30:00,0.51,22.05
2022-08-24 18:00:00,0.51,22.05
2022-08-24 18:30:00,0.51,22.05
2022-08-24 19:00:00,0.51,22.05
2022-08-24 19:30:00,0.51,22.05
2022-08-24 20:00:00,0.51,22.05
2022-08-24 20:30:00,0.5,21.63
2022-08-24 21:00:00,0.5,21.63
2022-08-24 21:30:00,0.5,21.63
2022-08-24 22:00:00,0.5,21.63
2022-08-24 22:30:00,0.5,21.63
2022-08-24 23:00:00,0.5,21.63
2022-08-24 23:30:00,0.5,21.63
2022-08-25 00:00:00,0.5,21.63
2022-08-25 00:30:00,0.5,21.63
2022-08-25 01:00:00,0.5,21.63
2022-08-25 01:30:00,0.5,21.63
2022-08-25 02:00:00,0.5,21.63
2022-08-25 02:30:00,0.5,21.63
2022-08-25 03:00:00,0.5,21.63
2022-08-25 03:30:00,0.5,21.63
2022-08-25 04:00:00,0.5,21.63
2022-08-25 04:30:00,0.5,21.63
2022-08-25 05:00:00,0.49,21.21
2022-08-25 05:30:00,0.49,21.21
2022-08-25 06:00:00,0.49,21.21
2022-08-25 06:30:00,0.49,21.21
2022-08-25 07:00:00,0.49,21.21
2022-08-25 07:30:00,0.49,21.21
2022-08-25 08:00:00,0.49,21.21
2022-08-25 08:30:00,0.49,21.21
2022-08-25 09:00:00,0.49,21.21
2022-08-25 09:30:00,0.49,21.21
2022-08-25 10:00:00,0.49,21.21
2022-08-25 10:30:00,0.49,21.21
2022-08-25 11:00:00,0.49,21.21
2022-08-25 11:30:00,0.49,21.21
2022-08-25 12:00:00,0.49,21.21
2022-08-25 12:30:00,0.49,21.21
2022-08-25 13:00:00,0.49,21.21
2022-08-25 13:30:00,0.49,21.21
2022-08-25 14:00:00,0.49,21.21
2022-08-25 14:30:00,0.49,21.21
2022-08-25 15:00:00,0.49,21.21
2022-08-25 15:30:00,0.49,21.21
2022-08-25 16:00:00,0.49,21.21
2022-08-25 16:30:00,0.49,21.21
2022-08-25 17:00:00,0.49,21.21
2022-08-25 17:30:00,0.49,21.21
2022-08-25 18:00:00,0.49,21.21
2022-08-25 18:30:00,0.48,20.93
2022-08-25 19:00:00,0.48,20.93
2022-08-25 19:30:00,0.49,21.21
2022-08-25 20:00:00,0.49,21.21
2022-08-25 20:30:00,0.49,21.21
2022-08-25 21:00:00,0.49,21.21
2022-08-25 21:30:00,0.48,20.93
2022-08-25 22:00:00,0.49,21.21
2022-08-25 22:30:00,0.49,21.21
2022-08-25 23:00:00,0.49,21.21
2022-08-25 23:30:00,0.49,21.21
2022-08-26 00:00:00,0.49,21.21
2022-08-26 00:30:00,0.49,21.21
2022-08-26 01:00:00,0.49,21.21
2022-08-26 01:30:00,0.49,21.21
2022-08-26 02:00:00,0.49,21.21
2022-08-26 02:30:00,0.49,21.21
2022-08-26 03:00:00,0.49,21.21
2022-08-26 03:30:00,0.5,21.63
2022-08-26 04:00:00,0.5,21.63
2022-08-26 04:30:00,0.51,22.05
2022-08-26 05:00:00,0.51,22.05
2022-08-26 05:30:00,0.52,22.47
2022-08-26 06:00:00,0.52,22.47
2022-08-26 06:30:00,0.53,22.9
2022-08-26 07:00:00,0.53,22.9
2022-08-26 07:30:00,0.54,23.32
2022-08-26 08:00:00,0.56,24.18
2022-08-26 08:30:00,0.57,24.62
2022-08-26 09:00:00,0.59,25.49
2022-08-26 09:30:00,0.61,26.38
2022-08-26 10:00:00,0.62,26.83
2022-08-26 10:30:00,0.63,27.27
2022-08-26 11:00:00,0.64,27.73
2022-08-26 11:30:00,0.64,27.73
2022-08-26 12:00:00,0.65,28.18
2022-08-26 12:30:00,0.65,28.18
2022-08-26 13:00:00,0.66,28.63
2022-08-26 13:30:00,0.67,29.09
2022-08-26 14:00:00,0.68,29.55
2022-08-26 14:30:00,0.68,29.55
2022-08-26 15:00:00,0.7,30.48
2022-08-26 15:30:00,0.7,30.48
2022-08-26 16:00:00,0.72,31.41
2022-08-26 16:30:00,0.72,31.41
2022-08-26 17:00:00,0.74,32.36
2022-08-26 17:30:00,0.75,32.83
2022-08-26 18:00:00,0.77,33.79
2022-08-26 18:30:00,0.78,34.27
2022-08-26 19:00:00,0.8,35.24
2022-08-26 19:30:00,0.82,36.22
2022-08-26 20:00:00,0.84,37.2
2022-08-26 20:30:00,0.86,38.2
2022-08-26 21:00:00,0.89,39.7
2022-08-26 21:30:00,0.92,41.23
2022-08-26 22:00:00,0.95,42.77
2022-08-26 22:30:00,0.99,44.85
2022-08-26 23:00:00,1.02,46.44
2022-08-26 23:30:00,1.07,49.11
2022-08-27 00:00:00,1.1,50.74
2022-08-27 00:30:00,1.13,52.38
2022-08-27 01:00:00,1.16,54.04
2022-08-27 01:30:00,1.19,55.72
2022-08-27 02:00:00,1.22,57.41
2022-08-27 02:30:00,1.25,59.12
2022-08-27 03:00:00,1.28,60.84
2022-08-27 03:30:00,1.32,63.16
2022-08-27 04:00:00,1.36,65.51
2022-08-27 04:30:00,1.39,67.29
2022-08-27 05:00:00,1.44,70.28
2022-08-27 05:30:00,1.47,72.1
2022-08-27 06:00:00,1.51,74.55
2022-08-27 06:30:00,1.54,76.4
2022-08-27 07:00:00,1.57,78.26
2022-08-27 07:30:00,1.6,80.14
2022-08-27 08:00:00,1.63,82.03
2022-08-27 08:30:00,1.65,83.3
2022-08-27 09:00:00,1.66,83.94
2022-08-27 09:30:00,1.68,85.21
2022-08-27 10:00:00,1.69,85.85
2022-08-27 10:30:00,1.69,85.85
2022-08-27 11:00:00,1.71,87.14
2022-08-27 11:30:00,1.71,87.14
2022-08-27 12:00:00,1.71,87.14
2022-08-27 12:30:00,1.72,87.79
2022-08-27 13:00:00,1.72,87.79
2022-08-27 13:30:00,1.72,87.79
2022-08-27 14:00:00,1.72,87.79
2022-08-27 14:30:00,1.72,87.79
2022-08-27 15:00:00,1.71,87.14
2022-08-27 15:30:00,1.71,87.14
2022-08-27 16:00:00,1.71,87.14
2022-08-27 16:30:00,1.71,87.14
2022-08-27 17:00:00,1.7,86.5
2022-08-27 17:30:00,1.69,85.85
2022-08-27 18:00:00,1.69,85.85
2022-08-27 18:30:00,1.69,85.85
2022-08-27 19:00:00,1.68,85.21
2022-08-27 19:30:00,1.67,84.57
2022-08-27 20:00:00,1.66,83.94
2022-08-27 20:30:00,1.66,83.94
2022-08-27 21:00:00,1.65,83.3
2022-08-27 21:30:00,1.65,83.3
2022-08-27 22:00:00,1.64,82.66
2022-08-27 22:30:00,1.64,82.66
2022-08-27 23:00:00,1.63,82.03
2022-08-27 23:30:00,1.62,81.4
2022-08-28 00:00:00,1.62,81.4
2022-08-28 00:30:00,1.61,80.77
2022-08-28 01:00:00,1.6,80.14
2022-08-28 01:30:00,1.6,80.14
2022-08-28 02:00:00,1.6,80.14
2022-08-28 02:30:00,1.59,79.51
2022-08-28 03:00:00,1.59,79.51
2022-08-28 03:30:00,1.59,79.51
2022-08-28 04:00:00,1.58,78.88
2022-08-28 04:30:00,1.58,78.88
2022-08-28 05:00:00,1.58,78.88
2022-08-28 05:30:00,1.57,78.26
2022-08-28 06:00:00,1.57,78.26
2022-08-28 06:30:00,1.57,78.26
2022-08-28 07:00:00,1.56,77.64
2022-08-28 07:30:00,1.57,78.26
2022-08-28 08:00:00,1.56,77.64
2022-08-28 08:30:00,1.56,77.64
2022-08-28 09:00:00,1.56,77.64
2022-08-28 09:30:00,1.56,77.64
2022-08-28 10:00:00,1.56,77.64
2022-08-28 10:30:00,1.56,77.64
2022-08-28 11:00:00,1.57,78.26
2022-08-28 11:30:00,1.57,78.26
2022-08-28 12:00:00,1.56,77.64
2022-08-28 12:30:00,1.57,78.26
2022-08-28 13:00:00,1.57,78.26
2022-08-28 13:30:00,1.57,78.26
2022-08-28 14:00:00,1.57,78.26
2022-08-28 14:30:00,1.58,78.88
2022-08-28 15:00:00,1.58,78.88
2022-08-28 15:30:00,1.58,78.88
2022-08-28 16:00:00,1.59,79.51
2022-08-28 16:30:00,1.58,78.88
2022-08-28 17:00:00,1.59,79.51
2022-08-28 17:30:00,1.59,79.51
2022-08-28 18:00:00,1.6,80.14
2022-08-28 18:30:00,1.6,80.14
2022-08-28 19:00:00,1.6,80.14
2022-08-28 19:30:00,1.6,80.14
2022-08-28 20:00:00,1.6,80.14
2022-08-28 20:30:00,1.61,80.77
2022-08-28 21:00:00,1.61,80.77
2022-08-28 21:30:00,1.62,81.4
2022-08-28 22:00:00,1.62,81.4
2022-08-28 22:30:00,1.63,82.03
2022-08-28 23:00:00,1.63,82.03
2022-08-28 23:30:00,1.63,82.03
2022-08-29 00:00:00,1.64,82.66
2022-08-29 00:30:00,1.64,82.66
2022-08-29 01:00:00,1.65,83.3
2022-08-29 01:30:00,1.65,83.3
2022-08-29 02:00:00,1.65,83.3
2022-08-29 02:30:00,1.65,83.3
2022-08-29 03:00:00,1.65,83.3
2022-08-29 03:30:00,1.66,83.94
2022-08-29 04:00:00,1.67,84.57
2022-08-29 04:30:00,1.67,84.57
2022-08-29 05:00:00,1.67,84.57
2022-08-29 05:30:00,1.68,85.21
2022-08-29 06:00:00,1.68,85.21
2022-08-29 06:30:00,1.68,85.21
2022-08-29 07:00:00,1.69,85.85
2022-08-29 07:30:00,1.69,85.85
2022-08-29 08:00:00,1.7,86.5
2022-08-29 08:30:00,1.7,86.5
2022-08-29 09:00:00,1.7,86.5
2022-08-29 09:30:00,1.71,87.14
2022-08-29 10:00:00,1.71,87.14
2022-08-29 10:30:00,1.72,87.79
2022-08-29 11:00:00,1.71,87.14
2022-08-29 11:30:00,1.72,87.79
2022-08-29 12:00:00,1.73,88.43
2022-08-29 12:30:00,1.73,88.43
2022-08-29 13:00:00,1.74,89.08
2022-08-29 13:30:00,1.73,88.43
2022-08-29 14:00:00,1.73,88.43
2022-08-29 14:30:00,1.74,89.08
2022-08-29 15:00:00,1.75,89.73
2022-08-29 15:30:00,1.75,89.73
2022-08-29 16:00:00,1.75,89.73
2022-08-29 16:30:00,1.76,90.38
2022-08-29 17:00:00,1.76,90.38
2022-08-29 17:30:00,1.76,90.38
2022-08-29 18:00:00,1.76,90.38
2022-08-29 18:30:00,1.76,90.38
2022-08-29 19:00:00,1.77,91.04
2022-08-29 19:30:00,1.77,91.04
2022-08-29 20:00:00,1.77,91.04
2022-08-29 20:30:00,1.77,91.04
2022-08-29 21:00:00,1.78,91.69
2022-08-29 21:30:00,1.78,91.69
2022-08-29 22:00:00,1.78,91.69
2022-08-29 22:30:00,1.79,92.35
2022-08-29 23:00:00,1.79,92.35
2022-08-29 23:30:00,1.79,92.35
2022-08-30 00:00:00,1.8,93.0
2022-08-30 00:30:00,1.8,93.0
2022-08-30 01:00:00,1.8,93.0
2022-08-30 01:30:00,1.8,93.0
2022-08-30 02:00:00,1.81,93.66
2022-08-30 02:30:00,1.81,93.66
2022-08-30 03:00:00,1.81,93.66
2022-08-30 03:30:00,1.81,93.66
2022-08-30 04:00:00,1.81,93.66
2022-08-30 04:30:00,1.81,93.66
2022-08-30 05:00:00,1.82,94.32
2022-08-30 05:30:00,1.82,94.32
2022-08-30 06:00:00,1.82,94.32
2022-08-30 06:30:00,1.82,94.32
2022-08-30 07:00:00,1.82,94.32
2022-08-30 07:30:00,1.82,94.32
2022-08-30 08:00:00,1.83,94.99
2022-08-30 08:30:00,1.83,94.99
2022-08-30 09:00:00,1.84,95.65
2022-08-30 09:30:00,1.84,95.65
2022-08-30 10:00:00,1.84,95.65
2022-08-30 10:30:00,1.84,95.65
2022-08-30 11:00:00,1.84,95.65
2022-08-30 11:30:00,1.84,95.65
2022-08-30 12:00:00,1.84,95.65
2022-08-30 12:30:00,1.85,96.31
2022-08-30 13:00:00,1.85,96.31
2022-08-30 13:30:00,1.85,96.31
2022-08-30 14:00:00,1.85,96.31
2022-08-30 14:30:00,1.85,96.31
2022-08-30 15:00:00,1.85,96.31
2022-08-30 15:30:00,1.85,96.31
2022-08-30 16:00:00,1.85,96.31
2022-08-30 16:30:00,1.85,96.31
2022-08-30 17:00:00,1.85,96.31
2022-08-30 17:30:00,1.85,96.31
2022-08-30 18:00:00,1.86,96.98
2022-08-30 18:30:00,1.85,96.31
2022-08-30 19:00:00,1.85,96.31
2022-08-30 19:30:00,1.85,96.31
2022-08-30 20:00:00,1.85,96.31
2022-08-30 20:30:00,1.85,96.31
2022-08-30 21:00:00,1.85,96.31
2022-08-30 21:30:00,1.85,96.31
2022-08-30 22:00:00,1.85,96.31
2022-08-30 22:30:00,1.85,96.31
2022-08-30 23:00:00,1.84,95.65
2022-08-30 23:30:00,1.85,96.31
2022-08-31 00:00:00,1.84,95.65
2022-08-31 00:30:00,1.84,95.65
2022-08-31 01:00:00,1.84,95.65
2022-08-31 01:30:00,1.84,95.65
2022-08-31 02:00:00,1.84,95.65
2022-08-31 02:30:00,1.83,94.99
2022-08-31 03:00:00,1.83,94.99
2022-08-31 03:30:00,1.83,94.99
2022-08-31 04:00:00,1.83,94.99
2022-08-31 04:30:00,1.83,94.99
2022-08-31 05:00:00,1.83,94.99
2022-08-31 05:30:00,1.83,94.99
2022-08-31 06:00:00,1.82,94.32
2022-08-31 06:30:00,1.82,94.32
2022-08-31 07:00:00,1.81,93.66
2022-08-31 07:30:00,1.81,93.66
2022-08-31 08:00:00,1.81,93.66
2022-08-31 08:30:00,1.81,93.66
2022-08-31 09:00:00,1.81,93.66
2022-08-31 09:30:00,1.81,93.66
2022-08-31 10:00:00,1.8,93.0
2022-08-31 10:30:00,1.79,92.35
2022-08-31 11:00:00,1.79,92.35
2022-08-31 11:30:00,1.78,91.69
2022-08-31 12:00:00,1.78,91.69
2022-08-31 12:30:00,1.78,91.69
2022-08-31 13:00:00,1.78,91.69
2022-08-31 13:30:00,1.77,91.04
2022-08-31 14:00:00,1.77,91.04
2022-08-31 14:30:00,1.76,90.38
2022-08-31 15:00:00,1.76,90.38
2022-08-31 15:30:00,1.76,90.38
2022-08-31 16:00:00,1.75,89.73
2022-08-31 16:30:00,1.75,89.73
2022-08-31 17:00:00,1.74,89.08
2022-08-31 17:30:00,1.74,89.08
2022-08-31 18:00:00,1.73,88.43
2022-08-31 18:30:00,1.73,88.43
2022-08-31 19:00:00,1.72,87.79
2022-08-31 19:30:00,1.71,87.14
2022-08-31 20:00:00,1.71,87.14
2022-08-31 20:30:00,1.7,86.5
2022-08-31 21:00:00,1.7,86.5
2022-08-31 21:30:00,1.69,85.85
2022-08-31 22:00:00,1.69,85.85
2022-08-31 22:30:00,1.68,85.21
2022-08-31 23:00:00,1.67,84.57
2022-08-31 23:30:00,1.67,84.57
2022-09-01 00:00:00,1.67,84.57
2022-09-01 00:30:00,1.66,83.94
2022-09-01 01:00:00,1.66,83.94
2022-09-01 01:30:00,1.65,83.3
2022-09-01 02:00:00,1.64,82.66
2022-09-01 02:30:00,1.64,82.66
2022-09-01 03:00:00,1.63,82.03
2022-09-01 03:30:00,1.62,81.4
2022-09-01 04:00:00,1.62,81.4
2022-09-01 04:30:00,1.61,80.77
2022-09-01 05:00:00,1.6,80.14
2022-09-01 05:30:00,1.6,80.14
2022-09-01 06:00:00,1.59,79.51
2022-09-01 06:30:00,1.59,79.51
2022-09-01 07:00:00,1.58,78.88
2022-09-01 07:30:00,1.58,78.88
2022-09-01 08:00:00,1.57,78.26
2022-09-01 08:30:00,1.56,77.64
2022-09-01 09:00:00,1.56,77.64
2022-09-01 09:30:00,1.55,77.02
2022-09-01 10:00:00,1.54,76.4
2022-09-01 10:30:00,1.54,76.4
2022-09-01 11:00:00,1.53,75.78
2022-09-01 11:30:00,1.52,75.16
2022-09-01 12:00:00,1.52,75.16
2022-09-01 12:30:00,1.51,74.55
2022-09-01 13:00:00,1.51,74.55
2022-09-01 13:30:00,1.5,73.93
2022-09-01 14:00:00,1.49,73.32
2022-09-01 14:30:00,1.49,73.32
2022-09-01 15:00:00,1.48,72.71
2022-09-01 15:30:00,1.48,72.71
2022-09-01 16:00:00,1.47,72.1
2022-09-01 16:30:00,1.47,72.1
2022-09-01 17:00:00,1.47,72.1
2022-09-01 17:30:00,1.47,72.1
2022-09-01 18:00:00,1.46,71.49
2022-09-01 18:30:00,1.46,71.49
2022-09-01 19:00:00,1.46,71.49
2022-09-01 19:30:00,1.45,70.89
2022-09-01 20:00:00,1.45,70.89
2022-09-01 20:30:00,1.46,71.49
2022-09-01 21:00:00,1.47,72.1
2022-09-01 21:30:00,1.47,72.1
2022-09-01 22:00:00,1.47,72.1
2022-09-01 22:30:00,1.48,72.71
2022-09-01 23:00:00,1.48,72.71
2022-09-01 23:30:00,1.49,73.32
2022-09-02 00:00:00,1.5,73.93
2022-09-02 00:30:00,1.5,73.93
2022-09-02 01:00:00,1.51,74.55
2022-09-02 01:30:00,1.52,75.16
2022-09-02 02:00:00,1.52,75.16
2022-09-02 02:30:00,1.52,75.16
2022-09-02 03:00:00,1.52,75.16
2022-09-02 03:30:00,1.53,75.78
2022-09-02 04:00:00,1.53,75.78
2022-09-02 04:30:00,1.53,75.78
2022-09-02 05:00:00,1.53,75.78
2022-09-02 05:30:00,1.54,76.4
2022-09-02 06:00:00,1.54,76.4
2022-09-02 06:30:00,1.55,77.02
2022-09-02 07:00:00,1.57,78.26
2022-09-02 07:30:00,1.58,78.88
2022-09-02 08:00:00,1.6,80.14
2022-09-02 08:30:00,1.61,80.77
2022-09-02 09:00:00,1.63,82.03
2022-09-02 09:30:00,1.64,82.66
2022-09-02 10:00:00,1.65,83.3
2022-09-02 10:30:00,1.67,84.57
2022-09-02 11:00:00,1.69,85.85
2022-09-02 11:30:00,1.7,86.5
2022-09-02 12:00:00,1.72,87.79
2022-09-02 12:30:00,1.74,89.08
2022-09-02 13:00:00,1.76,90.38
2022-09-02 13:30:00,1.77,91.04
2022-09-02 14:00:00,1.79,92.35
2022-09-02 14:30:00,1.81,93.66
2022-09-02 15:00:00,1.83,94.99
2022-09-02 15:30:00,1.85,96.31
2022-09-02 16:00:00,1.88,98.32
2022-09-02 16:30:00,1.9,99.66
2022-09-02 17:00:00,1.92,101.01
2022-09-02 17:30:00,1.93,101.68
2022-09-02 18:00:00,1.95,103.04
2022-09-02 18:30:00,1.97,104.4
2022-09-02 19:00:00,1.98,105.08
2022-09-02 19:30:00,2.0,106.45
2022-09-02 20:00:00,2.02,107.83
2022-09-02 20:30:00,2.03,108.52
2022-09-02 21:00:00,2.04,109.21
2022-09-02 21:30:00,2.06,110.59
2022-09-02 22:00:00,2.08,111.99
2022-09-02 22:30:00,2.09,112.68
2022-09-02 23:00:00,2.11,114.08
2022-09-02 23:30:00,2.12,114.78
2022-09-03 00:00:00,2.14,116.19
2022-09-03 00:30:00,2.15,116.9
2022-09-03 01:00:00,2.17,118.31
2022-09-03 01:30:00,2.17,118.31
2022-09-03 02:00:00,2.19,119.73
2022-09-03 02:30:00,2.2,120.45
2022-09-03 03:00:00,2.21,121.16
2022-09-03 03:30:00,2.21,121.16
2022-09-03 04:00:00,2.22,121.88
2022-09-03 04:30:00,2.22,121.88
2022-09-03 05:00:00,2.22,121.88
2022-09-03 05:30:00,2.22,121.88
2022-09-03 06:00:00,2.22,121.88
2022-09-03 06:30:00,2.23,122.59
2022-09-03 07:00:00,2.22,121.88
2022-09-03 07:30:00,2.23,122.59
2022-09-03 08:00:00,2.22,121.88
2022-09-03 08:30:00,2.23,122.59
2022-09-03 09:00:00,2.22,121.88
2022-09-03 09:30:00,2.22,121.88
2022-09-03 10:00:00,2.21,121.16
2022-09-03 10:30:00,2.21,121.16
2022-09-03 11:00:00,2.21,121.16
2022-09-03 11:30:00,2.2,120.45
2022-09-03 12:00:00,2.2,120.45
2022-09-03 12:30:00,2.2,120.45
2022-09-03 13:00:00,2.19,119.73
2022-09-03 13:30:00,2.19,119.73
2022-09-03 14:00:00,2.18,119.02
2022-09-03 14:30:00,2.18,119.02
2022-09-03 15:00:00,2.17,118.31
2022-09-03 15:30:00,2.17,118.31
2022-09-03 16:00:00,2.16,117.61
2022-09-03 16:30:00,2.16,117.61
2022-09-03 17:00:00,2.14,116.19
2022-09-03 17:30:00,2.14,116.19
2022-09-03 18:00:00,2.13,115.49
2022-09-03 18:30:00,2.13,115.49
2022-09-03 19:00:00,2.13,115.49
2022-09-03 19:30:00,2.12,114.78
2022-09-03 20:00:00,2.11,114.08
2022-09-03 20:30:00,2.11,114.08
2022-09-03 21:00:00,2.11,114.08
2022-09-03 21:30:00,2.1,113.38
2022-09-03 22:00:00,2.1,113.38
2022-09-03 22:30:00,2.09,112.68
2022-09-03 23:00:00,2.09,112.68
2022-09-03 23:30:00,2.08,111.99
2022-09-04 00:00:00,2.07,111.29
2022-09-04 00:30:00,2.07,111.29
2022-09-04 01:00:00,2.07,111.29
2022-09-04 01:30:00,2.06,110.59
2022-09-04 02:00:00,2.06,110.59
2022-09-04 02:30:00,2.06,110.59
2022-09-04 03:00:00,2.05,109.9
2022-09-04 03:30:00,2.05,109.9
2022-09-04 04:00:00,2.05,109.9
2022-09-04 04:30:00,2.04,109.21
2022-09-04 05:00:00,2.03,108.52
2022-09-04 05:30:00,2.03,108.52
2022-09-04 06:00:00,2.03,108.52
2022-09-04 06:30:00,2.03,108.52
2022-09-04 07:00:00,2.02,107.83
2022-09-04 07:30:00,2.02,107.83
2022-09-04 08:00:00,2.03,108.52
2022-09-04 08:30:00,2.02,107.83
2022-09-04 09:00:00,2.02,107.83
2022-09-04 09:30:00,2.02,107.83
2022-09-04 10:00:00,2.01,107.14
2022-09-04 10:30:00,2.01,107.14
2022-09-04 11:00:00,2.01,107.14
2022-09-04 11:30:00,2.01,107.14
2022-09-04 12:00:00,2.01,107.14
2022-09-04 12:30:00,2.01,107.14
2022-09-04 13:00:00,2.01,107.14
2022-09-04 13:30:00,2.01,107.14
2022-09-04 14:00:00,2.01,107.14
2022-09-04 14:30:00,2.0,106.45
2022-09-04 15:00:00,2.0,106.45
2022-09-04 15:30:00,2.0,106.45
2022-09-04 16:00:00,2.0,106.45
2022-09-04 16:30:00,2.0,106.45
2022-09-04 17:00:00,2.0,106.45
2022-09-04 17:30:00,2.0,106.45
2022-09-04 18:00:00,2.0,106.45
2022-09-04 18:30:00,2.0,106.45
2022-09-04 19:00:00,1.99,105.77
2022-09-04 19:30:00,1.99,105.77
2022-09-04 20:00:00,1.99,105.77
2022-09-04 20:30:00,1.99,105.77
2022-09-04 21:00:00,1.99,105.77
2022-09-04 21:30:00,2.0,106.45
2022-09-04 22:00:00,1.99,105.77
2022-09-04 22:30:00,2.0,106.45
2022-09-04 23:00:00,1.99,105.77
2022-09-04 23:30:00,1.99,105.77
2022-09-05 00:00:00,1.99,105.77
2022-09-05 00:30:00,2.0,106.45
2022-09-05 01:00:00,2.0,106.45
2022-09-05 01:30:00,2.0,106.45
2022-09-05 02:00:00,2.0,106.45
2022-09-05 02:30:00,2.0,106.45
2022-09-05 03:00:00,2.0,106.45
2022-09-05 03:30:00,2.0,106.45
2022-09-05 04:00:00,2.0,106.45
2022-09-05 04:30:00,2.0,106.45
2022-09-05 05:00:00,2.0,106.45
2022-09-05 05:30:00,2.0,106.45
2022-09-05 06:00:00,2.01,107.14
2022-09-05 06:30:00,2.01,107.14
2022-09-05 07:00:00,2.01,107.14
2022-09-05 07:30:00,2.01,107.14
2022-09-05 08:00:00,2.01,107.14
2022-09-05 08:30:00,2.0,106.45
2022-09-05 09:00:00,2.02,107.83
2022-09-05 09:30:00,2.02,107.83
2022-09-05 10:00:00,2.02,107.83
2022-09-05 10:30:00,2.02,107.83
2022-09-05 11:00:00,2.02,107.83
2022-09-05 11:30:00,2.03,108.52
2022-09-05 12:00:00,2.02,107.83
2022-09-05 12:30:00,2.03,108.52
2022-09-05 13:00:00,2.03,108.52
2022-09-05 13:30:00,2.03,108.52
2022-09-05 14:00:00,2.04,109.21
2022-09-05 14:30:00,2.04,109.21
2022-09-05 15:00:00,2.04,109.21
2022-09-05 15:30:00,2.04,109.21
2022-09-05 16:00:00,2.04,109.21
2022-09-05 16:30:00,2.05,109.9
2022-09-05 17:00:00,2.04,109.21
2022-09-05 17:30:00,2.06,110.59
2022-09-05 18:00:00,2.05,109.9
2022-09-05 18:30:00,2.06,110.59
2022-09-05 19:00:00,2.06,110.59
2022-09-05 19:30:00,2.06,110.59
2022-09-05 20:00:00,2.06,110.59
2022-09-05 20:30:00,2.06,110.59
2022-09-05 21:00:00,2.07,111.29
2022-09-05 21:30:00,2.07,111.29
2022-09-05 22:00:00,2.07,111.29
2022-09-05 22:30:00,2.07,111.29
2022-09-05 23:00:00,2.07,111.29
2022-09-05 23:30:00,2.07,111.29
2022-09-06 00:00:00,2.07,111.29
2022-09-06 00:30:00,2.08,111.99
2022-09-06 01:00:00,2.08,111.99
2022-09-06 01:30:00,2.08,111.99
2022-09-06 02:00:00,2.09,112.68
2022-09-06 02:30:00,2.09,112.68
2022-09-06 03:00:00,2.09,112.68
2022-09-06 03:30:00,2.09,112.68
2022-09-06 04:00:00,2.09,112.68
2022-09-06 04:30:00,2.09,112.68
2022-09-06 05:00:00,2.09,112.68
2022-09-06 05:30:00,2.09,112.68
2022-09-06 06:00:00,2.1,113.38
2022-09-06 06:30:00,2.09,112.68
2022-09-06 07:00:00,2.09,112.68
2022-09-06 07:30:00,2.1,113.38
2022-09-06 08:00:00,2.1,113.38
2022-09-06 08:30:00,2.11,114.08
2022-09-06 09:00:00,2.1,113.38
2022-09-06 09:30:00,2.11,114.08
2022-09-06 10:00:00,2.11,114.08
2022-09-06 10:30:00,2.11,114.08
2022-09-06 11:00:00,2.11,114.08
2022-09-06 11:30:00,2.11,114.08
2022-09-06 12:00:00,2.11,114.08
2022-09-06 12:30:00,2.11,114.08
2022-09-06 13:00:00,2.11,114.08
2022-09-06 13:30:00,2.11,114.08
2022-09-06 14:00:00,2.1,113.38
2022-09-06 14:30:00,2.11,114.08
2022-09-06 15:00:00,2.11,114.08
2022-09-06 15:30:00,2.11,114.08
2022-09-06 16:00:00,2.11,114.08
2022-09-06 16:30:00,2.11,114.08
2022-09-06 17:00:00,2.11,114.08
2022-09-06 17:30:00,2.11,114.08
2022-09-06 18:00:00,2.1,113.38
2022-09-06 18:30:00,2.1,113.38
2022-09-06 19:00:00,2.1,113.38
2022-09-06 19:30:00,2.1,113.38
2022-09-06 20:00:00,2.1,113.38
2022-09-06 20:30:00,2.1,113.38
2022-09-06 21:00:00,2.1,113.38
2022-09-06 21:30:00,2.1,113.38
2022-09-06 22:00:00,2.09,112.68
2022-09-06 22:30:00,2.1,113.38
2022-09-06 23:00:00,2.09,112.68
2022-09-06 23:30:00,2.09,112.68
2022-09-07 00:00:00,2.09,112.68
