Location Names,Dayman Pte. R-3,Dayman Pte. R-3
Location Ids,140.0,140.0
Time,H.obs,Q.obs
2022-08-08 00:00:00,1.66,64.37
2022-08-08 00:30:00,1.63,61.88
2022-08-08 01:00:00,1.59,58.66
2022-08-08 01:30:00,1.57,57.08
2022-08-08 02:00:00,1.54,54.77
2022-08-08 02:30:00,1.51,52.52
2022-08-08 03:00:00,1.49,51.05
2022-08-08 03:30:00,1.45,48.18
2022-08-08 04:00:00,1.42,46.1
2022-08-08 04:30:00,1.39,44.07
2022-08-08 05:00:00,1.36,42.1
2022-08-08 05:30:00,1.33,40.18
2022-08-08 06:00:00,1.32,39.55
2022-08-08 06:30:00,1.31,38.93
2022-08-08 07:00:00,1.3,38.32
2022-08-08 07:30:00,1.28,37.11
2022-08-08 08:00:00,1.27,36.51
2022-08-08 08:30:00,1.24,34.75
2022-08-08 09:00:00,1.21,33.05
2022-08-08 09:30:00,1.19,31.94
2022-08-08 10:00:00,1.19,31.94
2022-08-08 10:30:00,1.17,30.85
2022-08-08 11:00:00,1.16,30.32
2022-08-08 11:30:00,1.15,29.79
2022-08-08 12:00:00,1.14,29.27
2022-08-08 12:30:00,1.13,28.75
2022-08-08 13:00:00,1.13,28.75
2022-08-08 13:30:00,1.13,28.75
2022-08-08 14:00:00,1.11,27.74
2022-08-08 14:30:00,1.08,26.25
2022-08-08 15:00:00,1.09,26.74
2022-08-08 15:30:00,1.08,26.25
2022-08-08 16:00:00,1.09,26.74
2022-08-08 16:30:00,1.09,26.74
2022-08-08 17:00:00,1.08,26.25
2022-08-08 17:30:00,1.08,26.25
2022-08-08 18:00:00,1.08,26.25
2022-08-08 18:30:00,1.07,25.77
2022-08-08 19:00:00,1.06,25.29
2022-08-08 19:30:00,1.06,25.29
2022-08-08 20:00:00,1.05,24.82
2022-08-08 20:30:00,1.05,24.82
2022-08-08 21:00:00,1.04,24.35
2022-08-08 21:30:00,1.04,24.35
2022-08-08 22:00:00,1.03,23.89
2022-08-08 22:30:00,1.03,23.89
2022-08-08 23:00:00,1.03,23.89
2022-08-08 23:30:00,1.03,23.89
2022-08-09 00:00:00,1.02,23.31
2022-08-09 00:30:00,1.02,23.31
2022-08-09 01:00:00,1.01,22.62
2022-08-09 01:30:00,1.01,22.62
2022-08-09 02:00:00,1.01,22.62
2022-08-09 02:30:00,1.0,21.94
2022-08-09 03:00:00,1.0,21.94
2022-08-09 03:30:00,1.0,21.94
2022-08-09 04:00:00,0.99,21.27
2022-08-09 04:30:00,0.99,21.27
2022-08-09 05:00:00,0.99,21.27
2022-08-09 05:30:00,0.99,21.27
2022-08-09 06:00:00,0.99,21.27
2022-08-09 06:30:00,0.99,21.27
2022-08-09 07:00:00,0.99,21.27
2022-08-09 07:30:00,0.99,21.27
2022-08-09 08:00:00,0.99,21.27
2022-08-09 08:30:00,0.99,21.27
2022-08-09 09:00:00,1.0,21.94
2022-08-09 09:30:00,1.01,22.62
2022-08-09 10:00:00,1.01,22.62
2022-08-09 10:30:00,1.01,22.62
2022-08-09 11:00:00,1.02,23.31
2022-08-09 11:30:00,1.04,24.35
2022-08-09 12:00:00,1.05,24.82
2022-08-09 12:30:00,1.06,25.29
2022-08-09 13:00:00,1.08,26.25
2022-08-09 13:30:00,1.1,27.24
2022-08-09 14:00:00,1.13,28.75
2022-08-09 14:30:00,1.17,30.85
2022-08-09 15:00:00,1.23,34.18
2022-08-09 15:30:00,1.29,37.71
2022-08-09 16:00:00,1.37,42.75
2022-08-09 16:30:00,1.41,45.42
2022-08-09 17:00:00,1.44,47.48
2022-08-09 17:30:00,1.48,50.32
2022-08-09 18:00:00,1.53,54.01
2022-08-09 18:30:00,1.54,54.77
2022-08-09 19:00:00,1.55,55.54
2022-08-09 19:30:00,1.56,56.31
2022-08-09 20:00:00,1.57,57.08
2022-08-09 20:30:00,1.57,57.08
2022-08-09 21:00:00,1.56,56.31
2022-08-09 21:30:00,1.57,57.08
2022-08-09 22:00:00,1.56,56.31
2022-08-09 22:30:00,1.56,56.31
2022-08-09 23:00:00,1.55,55.54
2022-08-09 23:30:00,1.54,54.77
2022-08-10 00:00:00,1.55,55.54
2022-08-10 00:30:00,1.55,55.54
2022-08-10 01:00:00,1.54,54.77
2022-08-10 01:30:00,1.54,54.77
2022-08-10 02:00:00,1.54,54.77
2022-08-10 02:30:00,1.54,54.77
2022-08-10 03:00:00,1.53,54.01
2022-08-10 03:30:00,1.54,54.77
2022-08-10 04:00:00,1.53,54.01
2022-08-10 04:30:00,1.54,54.77
2022-08-10 05:00:00,1.54,54.77
2022-08-10 05:30:00,1.54,54.77
2022-08-10 06:00:00,1.54,54.77
2022-08-10 06:30:00,1.55,55.54
2022-08-10 07:00:00,1.56,56.31
2022-08-10 07:30:00,1.56,56.31
2022-08-10 08:00:00,1.56,56.31
2022-08-10 08:30:00,1.54,54.77
2022-08-10 09:00:00,1.55,55.54
2022-08-10 09:30:00,1.55,55.54
2022-08-10 10:00:00,1.56,56.31
2022-08-10 10:30:00,1.57,57.08
2022-08-10 11:00:00,1.58,57.87
2022-08-10 11:30:00,1.58,57.87
2022-08-10 12:00:00,1.58,57.87
2022-08-10 12:30:00,1.59,58.66
2022-08-10 13:00:00,1.6,59.45
2022-08-10 13:30:00,1.6,59.45
2022-08-10 14:00:00,1.61,60.26
2022-08-10 14:30:00,1.62,61.07
2022-08-10 15:00:00,1.62,61.07
2022-08-10 15:30:00,1.63,61.88
2022-08-10 16:00:00,1.64,62.71
2022-08-10 16:30:00,1.63,61.88
2022-08-10 17:00:00,1.66,64.37
2022-08-10 17:30:00,1.66,64.37
2022-08-10 18:00:00,1.69,66.92
2022-08-10 18:30:00,1.68,66.07
2022-08-10 19:00:00,1.69,66.92
2022-08-10 19:30:00,1.69,66.92
2022-08-10 20:00:00,1.68,66.07
2022-08-10 20:30:00,1.68,66.07
2022-08-10 21:00:00,1.67,65.22
2022-08-10 21:30:00,1.68,66.07
2022-08-10 22:00:00,1.68,66.07
2022-08-10 22:30:00,1.68,66.07
2022-08-10 23:00:00,1.67,65.22
2022-08-10 23:30:00,1.67,65.22
2022-08-11 00:00:00,1.66,64.37
2022-08-11 00:30:00,1.65,63.54
2022-08-11 01:00:00,1.63,61.88
2022-08-11 01:30:00,1.61,60.26
2022-08-11 02:00:00,1.61,60.26
2022-08-11 02:30:00,1.6,59.45
2022-08-11 03:00:00,1.6,59.45
2022-08-11 03:30:00,1.59,58.66
2022-08-11 04:00:00,1.57,57.08
2022-08-11 04:30:00,1.55,55.54
2022-08-11 05:00:00,1.54,54.77
2022-08-11 05:30:00,1.53,54.01
2022-08-11 06:00:00,1.52,53.26
2022-08-11 06:30:00,1.5,51.78
2022-08-11 07:00:00,1.49,51.05
2022-08-11 07:30:00,1.48,50.32
2022-08-11 08:00:00,1.45,48.18
2022-08-11 08:30:00,1.41,45.42
2022-08-11 09:00:00,1.4,44.74
2022-08-11 09:30:00,1.38,43.41
2022-08-11 10:00:00,1.37,42.75
2022-08-11 10:30:00,1.35,41.45
2022-08-11 11:00:00,1.33,40.18
2022-08-11 11:30:00,1.32,39.55
2022-08-11 12:00:00,1.31,38.93
2022-08-11 12:30:00,1.3,38.32
2022-08-11 13:00:00,1.28,37.11
2022-08-11 13:30:00,1.26,35.92
2022-08-11 14:00:00,1.25,35.33
2022-08-11 14:30:00,1.24,34.75
2022-08-11 15:00:00,1.23,34.18
2022-08-11 15:30:00,1.22,33.61
2022-08-11 16:00:00,1.2,32.49
2022-08-11 16:30:00,1.2,32.49
2022-08-11 17:00:00,1.19,31.94
2022-08-11 17:30:00,1.18,31.39
2022-08-11 18:00:00,1.19,31.94
2022-08-11 18:30:00,1.17,19.99
2022-08-11 19:00:00,1.16,19.37
2022-08-11 19:30:00,1.15,17.6
2022-08-11 20:00:00,1.14,17.6
2022-08-11 20:30:00,1.13,17.03
2022-08-11 21:00:00,1.12,17.03
2022-08-11 21:30:00,1.11,16.48
2022-08-11 22:00:00,1.1,16.48
2022-08-11 22:30:00,1.09,16.48
2022-08-11 23:00:00,1.09,15.95
2022-08-11 23:30:00,1.08,15.95
2022-08-12 00:00:00,1.07,15.95
2022-08-12 00:30:00,1.06,15.95
2022-08-12 01:00:00,1.05,15.42
2022-08-12 01:30:00,1.04,15.42
2022-08-12 02:00:00,1.03,14.91
2022-08-12 02:30:00,1.03,14.91
2022-08-12 03:00:00,1.02,15.42
2022-08-12 03:30:00,1.02,15.42
2022-08-12 04:00:00,1.02,15.95
2022-08-12 04:30:00,1.01,15.42
2022-08-12 05:00:00,1.0,15.42
2022-08-12 05:30:00,0.99,15.42
2022-08-12 06:00:00,0.98,14.91
2022-08-12 06:30:00,0.98,14.42
2022-08-12 07:00:00,0.97,14.42
2022-08-12 07:30:00,0.97,14.42
2022-08-12 08:00:00,0.96,14.42
2022-08-12 08:30:00,0.93,13.93
2022-08-12 09:00:00,0.93,13.93
2022-08-12 09:30:00,0.92,13.93
2022-08-12 10:00:00,0.92,13.46
2022-08-12 10:30:00,0.91,13.46
2022-08-12 11:00:00,0.91,13.0
2022-08-12 11:30:00,0.91,13.0
2022-08-12 12:00:00,0.9,13.0
2022-08-12 12:30:00,0.9,13.0
2022-08-12 13:00:00,0.9,12.55
2022-08-12 13:30:00,0.9,12.55
2022-08-12 14:00:00,0.89,12.55
2022-08-12 14:30:00,0.89,12.55
2022-08-12 15:00:00,0.88,12.11
2022-08-12 15:30:00,0.88,12.11
2022-08-12 16:00:00,0.89,11.69
2022-08-12 16:30:00,0.89,12.11
2022-08-12 17:00:00,0.9,11.69
2022-08-12 17:30:00,0.89,11.69
2022-08-12 18:00:00,0.89,11.69
2022-08-12 18:30:00,0.89,11.69
2022-08-12 19:00:00,0.88,11.27
2022-08-12 19:30:00,0.87,10.48
2022-08-12 20:00:00,0.87,10.1
2022-08-12 20:30:00,0.87,10.1
2022-08-12 21:00:00,0.87,10.1
2022-08-12 21:30:00,0.86,10.1
2022-08-12 22:00:00,0.86,10.1
2022-08-12 22:30:00,0.86,10.1
2022-08-12 23:00:00,0.85,10.1
2022-08-12 23:30:00,0.85,10.1
2022-08-13 00:00:00,0.84,10.1
2022-08-13 00:30:00,0.84,9.73
2022-08-13 01:00:00,0.84,9.73
2022-08-13 01:30:00,0.84,9.73
2022-08-13 02:00:00,0.83,9.73
2022-08-13 02:30:00,0.83,9.73
2022-08-13 03:00:00,0.83,9.73
2022-08-13 03:30:00,0.83,9.37
2022-08-13 04:00:00,0.82,9.37
2022-08-13 04:30:00,0.82,9.37
2022-08-13 05:00:00,0.81,10.48
2022-08-13 05:30:00,0.82,10.1
2022-08-13 06:00:00,0.81,10.1
2022-08-13 06:30:00,0.81,10.1
2022-08-13 07:00:00,0.81,9.73
2022-08-13 07:30:00,0.81,9.73
2022-08-13 08:00:00,0.8,9.73
2022-08-13 08:30:00,0.78,9.73
2022-08-13 09:00:00,0.77,9.73
2022-08-13 09:30:00,0.77,9.37
2022-08-13 10:00:00,0.77,9.37
2022-08-13 10:30:00,0.77,9.37
2022-08-13 11:00:00,0.77,9.02
2022-08-13 11:30:00,0.77,8.34
2022-08-13 12:00:00,0.77,8.34
2022-08-13 12:30:00,0.77,9.02
2022-08-13 13:00:00,0.77,9.02
2022-08-13 13:30:00,0.76,9.02
2022-08-13 14:00:00,0.76,9.02
2022-08-13 14:30:00,0.76,9.02
2022-08-13 15:00:00,0.76,9.02
2022-08-13 15:30:00,0.76,8.68
2022-08-13 16:00:00,0.76,8.68
2022-08-13 16:30:00,0.75,8.68
2022-08-13 17:00:00,0.75,8.68
2022-08-13 17:30:00,0.75,8.68
2022-08-13 18:00:00,0.78,8.68
2022-08-13 18:30:00,0.77,8.68
2022-08-13 19:00:00,0.77,7.71
2022-08-13 19:30:00,0.77,7.71
2022-08-13 20:00:00,0.76,7.71
2022-08-13 20:30:00,0.76,7.71
2022-08-13 21:00:00,0.76,7.71
2022-08-13 21:30:00,0.76,7.71
2022-08-13 22:00:00,0.76,7.71
2022-08-13 22:30:00,0.75,7.71
2022-08-13 23:00:00,0.75,7.71
2022-08-13 23:30:00,0.75,7.71
2022-08-14 00:00:00,0.74,7.71
2022-08-14 00:30:00,0.72,7.71
2022-08-14 01:00:00,0.72,7.71
2022-08-14 01:30:00,0.74,7.71
2022-08-14 02:00:00,0.74,7.41
2022-08-14 02:30:00,0.74,7.41
2022-08-14 03:00:00,0.74,7.41
2022-08-14 03:30:00,0.74,7.41
2022-08-14 04:00:00,0.74,7.41
2022-08-14 04:30:00,0.73,7.71
2022-08-14 05:00:00,0.73,8.02
2022-08-14 05:30:00,0.73,8.02
2022-08-14 06:00:00,0.73,8.02
2022-08-14 06:30:00,0.73,8.02
2022-08-14 07:00:00,0.73,8.02
2022-08-14 07:30:00,0.73,7.71
2022-08-14 08:00:00,0.7,7.71
2022-08-14 08:30:00,0.7,7.71
2022-08-14 09:00:00,0.7,7.71
2022-08-14 09:30:00,0.7,7.71
2022-08-14 10:00:00,0.7,7.71
2022-08-14 10:30:00,0.7,7.71
2022-08-14 11:00:00,0.7,7.71
2022-08-14 11:30:00,0.7,7.41
2022-08-14 12:00:00,0.7,7.41
2022-08-14 12:30:00,0.7,7.41
2022-08-14 13:00:00,0.7,7.41
2022-08-14 13:30:00,0.7,7.41
2022-08-14 14:00:00,0.7,7.41
2022-08-14 14:30:00,0.7,7.41
2022-08-14 15:00:00,0.69,7.41
2022-08-14 15:30:00,0.69,7.41
2022-08-14 16:00:00,0.69,7.41
2022-08-14 16:30:00,0.69,7.41
2022-08-14 17:00:00,0.69,7.11
2022-08-14 17:30:00,0.7,7.11
2022-08-14 18:00:00,0.71,7.11
2022-08-14 18:30:00,0.71,7.11
2022-08-14 19:00:00,0.71,6.55
2022-08-14 19:30:00,0.71,6.29
2022-08-14 20:00:00,0.71,6.29
2022-08-14 20:30:00,0.7,6.29
2022-08-14 21:00:00,0.7,6.29
2022-08-14 21:30:00,0.7,6.29
2022-08-14 22:00:00,0.7,6.29
2022-08-14 22:30:00,0.7,6.29
2022-08-14 23:00:00,0.7,7.11
2022-08-14 23:30:00,0.7,7.11
2022-08-15 00:00:00,0.7,6.29
2022-08-15 00:30:00,0.69,6.55
2022-08-15 01:00:00,0.69,6.29
2022-08-15 01:30:00,0.69,6.29
2022-08-15 02:00:00,0.69,7.11
2022-08-15 02:30:00,0.69,6.55
2022-08-15 03:00:00,0.69,6.83
2022-08-15 03:30:00,0.69,6.83
2022-08-15 04:00:00,0.69,6.83
2022-08-15 04:30:00,0.69,6.83
2022-08-15 05:00:00,0.69,6.83
2022-08-15 05:30:00,0.69,6.55
2022-08-15 06:00:00,0.68,6.83
2022-08-15 06:30:00,0.68,6.55
2022-08-15 07:00:00,0.68,6.55
2022-08-15 07:30:00,0.68,6.29
2022-08-15 08:00:00,0.66,6.29
2022-08-15 08:30:00,0.65,6.29
2022-08-15 09:00:00,0.65,6.29
2022-08-15 09:30:00,0.65,6.29
2022-08-15 10:00:00,0.65,6.29
2022-08-15 10:30:00,0.65,6.29
2022-08-15 11:00:00,0.65,6.29
2022-08-15 11:30:00,0.65,6.29
2022-08-15 12:00:00,0.68,6.29
2022-08-15 12:30:00,0.68,6.29
2022-08-15 13:00:00,0.65,6.03
2022-08-15 13:30:00,0.66,6.03
2022-08-15 14:00:00,0.65,6.03
2022-08-15 14:30:00,0.65,6.03
2022-08-15 15:00:00,0.68,6.03
2022-08-15 15:30:00,0.66,6.03
2022-08-15 16:00:00,0.67,6.03
2022-08-15 16:30:00,0.67,5.53
2022-08-15 17:00:00,0.67,5.53
2022-08-15 17:30:00,0.67,5.53
2022-08-15 18:00:00,0.67,5.77
2022-08-15 18:30:00,0.66,6.03
2022-08-15 19:00:00,0.67,5.3
2022-08-15 19:30:00,0.66,5.3
2022-08-15 20:00:00,0.66,5.3
2022-08-15 20:30:00,0.65,5.07
2022-08-15 21:00:00,0.65,5.3
2022-08-15 21:30:00,0.65,5.07
2022-08-15 22:00:00,0.65,5.07
2022-08-15 22:30:00,0.65,5.07
2022-08-15 23:00:00,0.65,5.07
2022-08-15 23:30:00,0.65,5.07
2022-08-16 00:00:00,0.65,5.07
2022-08-16 00:30:00,0.65,5.07
2022-08-16 01:00:00,0.65,4.85
2022-08-16 01:30:00,0.65,5.07
2022-08-16 02:00:00,0.64,5.07
2022-08-16 02:30:00,0.64,5.07
2022-08-16 03:00:00,0.64,5.07
2022-08-16 03:30:00,0.64,5.07
2022-08-16 04:00:00,0.64,5.53
2022-08-16 04:30:00,0.64,5.53
2022-08-16 05:00:00,0.64,5.77
2022-08-16 05:30:00,0.62,5.77
2022-08-16 06:00:00,0.62,5.53
2022-08-16 06:30:00,0.62,5.53
2022-08-16 07:00:00,0.63,5.53
2022-08-16 07:30:00,0.64,5.53
2022-08-16 08:00:00,0.61,5.53
2022-08-16 08:30:00,0.61,5.3
2022-08-16 09:00:00,0.61,5.07
2022-08-16 09:30:00,0.6,5.3
2022-08-16 10:00:00,0.61,5.3
2022-08-16 10:30:00,0.6,4.85
2022-08-16 11:00:00,0.6,4.85
2022-08-16 11:30:00,0.6,4.63
2022-08-16 12:00:00,0.6,4.63
2022-08-16 12:30:00,0.6,5.07
2022-08-16 13:00:00,0.6,5.3
2022-08-16 13:30:00,0.6,5.3
2022-08-16 14:00:00,0.59,5.07
2022-08-16 14:30:00,0.6,5.07
2022-08-16 15:00:00,0.6,4.85
2022-08-16 15:30:00,0.6,4.63
2022-08-16 16:00:00,0.6,4.43
2022-08-16 16:30:00,0.6,4.43
2022-08-16 17:00:00,0.62,4.43
2022-08-16 17:30:00,0.62,4.43
2022-08-16 18:00:00,0.63,4.43
2022-08-16 18:30:00,0.63,4.43
2022-08-16 19:00:00,0.62,4.43
2022-08-16 19:30:00,0.62,4.43
2022-08-16 20:00:00,0.62,4.43
2022-08-16 20:30:00,0.62,4.43
2022-08-16 21:00:00,0.62,4.43
2022-08-16 21:30:00,0.61,4.43
2022-08-16 22:00:00,0.6,4.43
2022-08-16 22:30:00,0.61,4.43
2022-08-16 23:00:00,0.61,4.85
2022-08-16 23:30:00,0.59,5.07
2022-08-17 00:00:00,0.59,5.07
2022-08-17 00:30:00,0.58,4.43
2022-08-17 01:00:00,0.58,4.85
2022-08-17 01:30:00,0.6,4.63
2022-08-17 02:00:00,0.61,4.43
2022-08-17 02:30:00,0.61,4.43
2022-08-17 03:00:00,0.6,4.43
2022-08-17 03:30:00,0.6,4.43
2022-08-17 04:00:00,0.59,5.07
2022-08-17 04:30:00,0.58,4.85
2022-08-17 05:00:00,0.57,4.85
2022-08-17 05:30:00,0.57,4.85
2022-08-17 06:00:00,0.57,4.85
2022-08-17 06:30:00,0.57,4.63
2022-08-17 07:00:00,0.57,4.63
2022-08-17 07:30:00,0.57,4.63
2022-08-17 08:00:00,0.57,4.63
2022-08-17 08:30:00,0.57,4.63
2022-08-17 09:00:00,0.57,4.63
2022-08-17 09:30:00,0.57,4.63
2022-08-17 10:00:00,0.57,4.63
2022-08-17 10:30:00,0.57,4.63
2022-08-17 11:00:00,0.57,4.43
2022-08-17 11:30:00,0.57,4.43
2022-08-17 12:00:00,0.59,4.43
2022-08-17 12:30:00,0.6,4.23
2022-08-17 13:00:00,0.6,4.43
2022-08-17 13:30:00,0.57,4.43
2022-08-17 14:00:00,0.59,4.63
2022-08-17 14:30:00,0.58,4.43
2022-08-17 15:00:00,0.57,4.43
2022-08-17 15:30:00,0.57,4.43
2022-08-17 16:00:00,0.57,4.43
2022-08-17 16:30:00,0.57,4.43
2022-08-17 17:00:00,0.6,4.43
2022-08-17 17:30:00,0.59,4.63
2022-08-17 18:00:00,0.59,4.43
2022-08-17 18:30:00,0.59,4.23
2022-08-17 19:00:00,0.59,3.85
2022-08-17 19:30:00,0.58,3.85
2022-08-17 20:00:00,0.58,3.67
2022-08-17 20:30:00,0.58,3.85
2022-08-17 21:00:00,0.58,3.85
2022-08-17 21:30:00,0.58,3.67
2022-08-17 22:00:00,0.58,3.67
2022-08-17 22:30:00,0.58,3.67
2022-08-17 23:00:00,0.58,3.67
2022-08-17 23:30:00,0.58,3.85
2022-08-18 00:00:00,0.57,3.85
2022-08-18 00:30:00,0.57,3.67
2022-08-18 01:00:00,0.57,3.85
2022-08-18 01:30:00,0.56,3.85
2022-08-18 02:00:00,0.57,3.67
2022-08-18 02:30:00,0.57,4.04
2022-08-18 03:00:00,0.58,3.67
2022-08-18 03:30:00,0.57,4.04
2022-08-18 04:00:00,0.57,3.67
2022-08-18 04:30:00,0.57,3.67
2022-08-18 05:00:00,0.57,4.23
2022-08-18 05:30:00,0.57,4.04
2022-08-18 06:00:00,0.57,4.04
2022-08-18 06:30:00,0.58,4.04
2022-08-18 07:00:00,0.57,4.23
2022-08-18 07:30:00,0.56,4.04
2022-08-18 08:00:00,0.54,4.04
2022-08-18 08:30:00,0.54,4.04
2022-08-18 09:00:00,0.53,4.04
2022-08-18 09:30:00,0.54,4.04
2022-08-18 10:00:00,0.54,4.04
2022-08-18 10:30:00,0.53,4.04
2022-08-18 11:00:00,0.53,4.04
2022-08-18 11:30:00,0.53,4.04
2022-08-18 12:00:00,0.53,4.04
2022-08-18 12:30:00,0.54,3.85
2022-08-18 13:00:00,0.54,4.04
2022-08-18 13:30:00,0.53,3.85
2022-08-18 14:00:00,0.54,3.85
2022-08-18 14:30:00,0.54,3.85
2022-08-18 15:00:00,0.53,3.85
2022-08-18 15:30:00,0.55,3.85
2022-08-18 16:00:00,0.53,3.85
2022-08-18 16:30:00,0.55,3.85
2022-08-18 17:00:00,0.53,3.85
2022-08-18 17:30:00,0.53,3.67
2022-08-18 18:00:00,0.56,3.67
2022-08-18 18:30:00,0.55,3.85
2022-08-18 19:00:00,0.55,3.5
2022-08-18 19:30:00,0.55,3.33
2022-08-18 20:00:00,0.56,3.33
2022-08-18 20:30:00,0.55,3.33
2022-08-18 21:00:00,0.55,3.33
2022-08-18 21:30:00,0.55,3.17
2022-08-18 22:00:00,0.55,3.17
2022-08-18 22:30:00,0.55,3.17
2022-08-18 23:00:00,0.55,3.17
2022-08-18 23:30:00,0.55,3.17
2022-08-19 00:00:00,0.55,3.17
2022-08-19 00:30:00,0.55,3.17
2022-08-19 01:00:00,0.55,3.17
2022-08-19 01:30:00,0.54,3.17
2022-08-19 02:00:00,0.55,3.17
2022-08-19 02:30:00,0.54,3.17
2022-08-19 03:00:00,0.54,3.17
2022-08-19 03:30:00,0.54,3.17
2022-08-19 04:00:00,0.54,3.67
2022-08-19 04:30:00,0.54,3.67
2022-08-19 05:00:00,0.54,3.67
2022-08-19 05:30:00,0.54,3.67
2022-08-19 06:00:00,0.54,3.5
2022-08-19 06:30:00,0.53,3.67
2022-08-19 07:00:00,0.53,3.5
2022-08-19 07:30:00,0.54,3.5
2022-08-19 08:00:00,0.52,3.5
2022-08-19 08:30:00,0.51,3.5
2022-08-19 09:00:00,0.51,3.5
2022-08-19 09:30:00,0.51,3.5
2022-08-19 10:00:00,0.51,3.5
2022-08-19 10:30:00,0.5,3.5
2022-08-19 11:00:00,0.5,3.5
2022-08-19 11:30:00,0.5,3.5
2022-08-19 12:00:00,0.5,3.5
2022-08-19 12:30:00,0.5,3.67
2022-08-19 13:00:00,0.5,3.5
2022-08-19 13:30:00,0.5,3.5
2022-08-19 14:00:00,0.5,3.33
2022-08-19 14:30:00,0.5,3.33
2022-08-19 15:00:00,0.5,3.17
2022-08-19 15:30:00,0.5,3.33
2022-08-19 16:00:00,0.5,3.33
2022-08-19 16:30:00,0.5,3.33
2022-08-19 17:00:00,0.53,3.33
2022-08-19 17:30:00,0.53,3.33
2022-08-19 18:00:00,0.53,3.33
2022-08-19 18:30:00,0.53,3.33
2022-08-19 19:00:00,0.52,2.87
2022-08-19 19:30:00,0.53,2.87
2022-08-19 20:00:00,0.52,2.87
2022-08-19 20:30:00,0.52,2.87
2022-08-19 21:00:00,0.52,2.87
2022-08-19 21:30:00,0.52,2.87
2022-08-19 22:00:00,0.52,2.87
2022-08-19 22:30:00,0.52,2.87
2022-08-19 23:00:00,0.52,2.87
2022-08-19 23:30:00,0.52,2.87
2022-08-20 00:00:00,0.52,2.87
2022-08-20 00:30:00,0.52,2.87
2022-08-20 01:00:00,0.52,2.87
2022-08-20 01:30:00,0.53,2.87
2022-08-20 02:00:00,0.52,2.87
2022-08-20 02:30:00,0.52,2.87
2022-08-20 03:00:00,0.51,2.87
2022-08-20 03:30:00,0.51,3.01
2022-08-20 04:00:00,0.5,2.87
2022-08-20 04:30:00,0.51,3.33
2022-08-20 05:00:00,0.51,3.33
2022-08-20 05:30:00,0.51,3.33
2022-08-20 06:00:00,0.51,3.17
2022-08-20 06:30:00,0.51,3.17
2022-08-20 07:00:00,0.51,3.17
2022-08-20 07:30:00,0.51,3.17
2022-08-20 08:00:00,0.48,3.17
2022-08-20 08:30:00,0.48,3.17
2022-08-20 09:00:00,0.48,3.17
2022-08-20 09:30:00,0.48,3.17
2022-08-20 10:00:00,0.48,3.17
2022-08-20 10:30:00,0.48,3.17
2022-08-20 11:00:00,0.48,3.17
2022-08-20 11:30:00,0.48,3.17
2022-08-20 12:00:00,0.48,3.17
2022-08-20 12:30:00,0.48,3.17
2022-08-20 13:00:00,0.48,3.17
2022-08-20 13:30:00,0.48,3.17
2022-08-20 14:00:00,0.48,3.17
2022-08-20 14:30:00,0.48,3.17
2022-08-20 15:00:00,0.48,3.17
2022-08-20 15:30:00,0.48,3.17
2022-08-20 16:00:00,0.48,3.17
2022-08-20 16:30:00,0.49,3.01
2022-08-20 17:00:00,0.48,3.17
2022-08-20 17:30:00,0.51,3.01
2022-08-20 18:00:00,0.51,3.01
2022-08-20 18:30:00,0.51,3.01
2022-08-20 19:00:00,0.5,2.58
2022-08-20 19:30:00,0.5,2.58
2022-08-20 20:00:00,0.5,2.58
2022-08-20 20:30:00,0.5,2.58
2022-08-20 21:00:00,0.5,2.58
2022-08-20 21:30:00,0.5,2.58
2022-08-20 22:00:00,0.5,2.58
2022-08-20 22:30:00,0.5,2.58
2022-08-20 23:00:00,0.5,2.58
2022-08-20 23:30:00,0.5,2.58
2022-08-21 00:00:00,0.5,2.58
2022-08-21 00:30:00,0.5,2.58
2022-08-21 01:00:00,0.5,2.72
2022-08-21 01:30:00,0.5,2.58
2022-08-21 02:00:00,0.5,2.58
2022-08-21 02:30:00,0.5,2.72
2022-08-21 03:00:00,0.5,2.72
2022-08-21 03:30:00,0.5,2.72
2022-08-21 04:00:00,0.5,2.72
2022-08-21 04:30:00,0.5,2.72
2022-08-21 05:00:00,0.5,3.17
2022-08-21 05:30:00,0.49,3.01
2022-08-21 06:00:00,0.5,3.01
2022-08-21 06:30:00,0.49,3.01
2022-08-21 07:00:00,0.49,3.01
2022-08-21 07:30:00,0.49,3.01
2022-08-21 08:00:00,0.46,2.87
2022-08-21 08:30:00,0.46,2.87
2022-08-21 09:00:00,0.46,2.87
2022-08-21 09:30:00,0.46,2.87
2022-08-21 10:00:00,0.46,2.87
2022-08-21 10:30:00,0.46,3.01
2022-08-21 11:00:00,0.46,2.87
2022-08-21 11:30:00,0.46,2.87
2022-08-21 12:00:00,0.46,2.87
2022-08-21 12:30:00,0.46,2.87
2022-08-21 13:00:00,0.46,2.87
2022-08-21 13:30:00,0.46,2.87
2022-08-21 14:00:00,0.47,2.87
2022-08-21 14:30:00,0.46,3.01
2022-08-21 15:00:00,0.46,2.87
2022-08-21 15:30:00,0.47,2.87
2022-08-21 16:00:00,0.47,2.87
2022-08-21 16:30:00,0.47,2.87
2022-08-21 17:00:00,0.47,2.87
2022-08-21 17:30:00,0.47,2.87
2022-08-21 18:00:00,0.5,2.87
2022-08-21 18:30:00,0.49,2.87
2022-08-21 19:00:00,0.49,2.45
2022-08-21 19:30:00,0.49,2.45
2022-08-21 20:00:00,0.49,2.45
2022-08-21 20:30:00,0.49,2.45
2022-08-21 21:00:00,0.48,2.45
2022-08-21 21:30:00,0.48,2.45
2022-08-21 22:00:00,0.48,2.45
2022-08-21 22:30:00,0.48,2.45
2022-08-21 23:00:00,0.48,2.45
2022-08-21 23:30:00,0.49,2.45
2022-08-22 00:00:00,0.48,2.45
2022-08-22 00:30:00,0.48,2.45
2022-08-22 01:00:00,0.48,2.45
2022-08-22 01:30:00,0.48,2.45
2022-08-22 02:00:00,0.48,2.45
2022-08-22 02:30:00,0.48,2.58
2022-08-22 03:00:00,0.48,2.87
2022-08-22 03:30:00,0.49,2.58
2022-08-22 04:00:00,0.48,2.45
2022-08-22 04:30:00,0.48,2.87
2022-08-22 05:00:00,0.48,2.87
2022-08-22 05:30:00,0.48,2.87
2022-08-22 06:00:00,0.48,2.87
2022-08-22 06:30:00,0.48,2.72
2022-08-22 07:00:00,0.48,2.87
2022-08-22 07:30:00,0.48,2.72
2022-08-22 08:00:00,0.45,2.72
2022-08-22 08:30:00,0.45,2.72
2022-08-22 09:00:00,0.45,2.72
2022-08-22 09:30:00,0.45,2.72
2022-08-22 10:00:00,0.45,2.72
2022-08-22 10:30:00,0.45,2.87
2022-08-22 11:00:00,0.45,2.72
2022-08-22 11:30:00,0.45,-999
2022-08-22 12:00:00,0.45,-999
2022-08-22 12:30:00,0.45,-999
2022-08-22 13:00:00,0.45,-999
2022-08-22 13:30:00,0.45,-999
2022-08-22 14:00:00,0.45,-999
2022-08-22 14:30:00,0.45,-999
2022-08-22 15:00:00,0.45,-999
2022-08-22 15:30:00,0.46,-999
2022-08-22 16:00:00,0.48,-999
2022-08-22 16:30:00,0.46,-999
2022-08-22 17:00:00,0.45,-999
2022-08-22 17:30:00,0.48,-999
2022-08-22 18:00:00,0.48,-999
2022-08-22 18:30:00,0.48,-999
2022-08-22 19:00:00,0.48,-999
2022-08-22 19:30:00,0.47,-999
2022-08-22 20:00:00,0.48,-999
2022-08-22 20:30:00,0.47,-999
2022-08-22 21:00:00,0.47,-999
2022-08-22 21:30:00,0.47,-999
2022-08-22 22:00:00,0.47,-999
2022-08-22 22:30:00,0.47,-999
2022-08-22 23:00:00,0.47,-999
2022-08-22 23:30:00,0.48,-999
2022-08-23 00:00:00,0.47,-999
